{
  "current-scene": "5f16f6fb-9730-4809-ae0c-89f38ec3cee4",
  "gizmos-infos": {
    "iconGizmoSize": 2,
    "isGridVisible": true,
    "isIconGizmo3D": false
  },
  "camera-infos": {
    "5f16f6fb-9730-4809-ae0c-89f38ec3cee4": {
      "position": {
        "x": -6.10528185798421,
        "y": 7.387795417523074,
        "z": 0.807391968007539
      },
      "rotation": {
        "w": 0.6192310027647328,
        "x": -0.3345915548115005,
        "y": -0.6510597470351136,
        "z": -0.26948924104356786
      },
      "viewCenter": {
        "x": 121.47444796243087,
        "y": -148.58485410451004,
        "z": 17.063003613668485
      }
    },
    "ac188b9f-c655-4b8f-a55d-3d7262966049": {
      "position": {
        "x": 37.165097698315606,
        "y": 37.165097698315584,
        "z": 37.16509769831559
      },
      "rotation": {
        "w": 0.8804762392171493,
        "x": -0.27984814233312133,
        "y": 0.3647051996310009,
        "z": 0.11591689595929514
      },
      "viewCenter": {
        "x": 0,
        "y": 0,
        "z": 0
      }
    },
    "f46876e4-e81b-4931-b493-6d367be385e7": {
      "position": {
        "x": 50,
        "y": 50,
        "z": 50
      },
      "rotation": {
        "w": 0.8804762392171493,
        "x": -0.27984814233312133,
        "y": 0.3647051996310009,
        "z": 0.11591689595929514
      },
      "viewCenter": {
        "x": 0,
        "y": 0,
        "z": 0
      }
    }
  },
  "camera-uuids": [
    "5f16f6fb-9730-4809-ae0c-89f38ec3cee4"
  ]
}
